{"stats":{"minecraft:dropped":{"immersive_portals:portal_helper":64,"minecraft:totem_of_undying":5,"minecraft:golden_apple":64},"minecraft:used":{"minecraft:netherite_sword":11,"minecraft:oak_log":1,"minecraft:moss_block":14,"minecraft:quartz_bricks":52,"minecraft:water_bucket":9,"minecraft:lava_bucket":16,"minecraft:flint_and_steel":8,"minecraft:iron_block":11,"minecraft:grass_block":19,"minecraft:oak_button":1,"minecraft:spruce_slab":3,"minecraft:netherite_chestplate":1,"minecraft:stone_button":4,"minecraft:cactus":2,"minecraft:ender_pearl":11,"minecraft:spruce_planks":1,"minecraft:stone_slab":8,"minecraft:stone":77,"minecraft:quartz_stairs":4,"minecraft:totem_of_undying":15,"minecraft:netherite_boots":1,"minecraft:basalt":32,"minecraft:golden_apple":30,"minecraft:fire_charge":1,"minecraft:sand":1,"minecraft:dirt":8,"minecraft:azalea_leaves":36,"minecraft:potion":2,"minecraft:netherite_leggings":1,"minecraft:mangrove_roots":1,"minecraft:bucket":9,"minecraft:netherite_helmet":1,"minecraft:oak_wood":31,"minecraft:warped_button":1,"minecraft:dark_oak_door":5,"minecraft:splash_potion":2,"immersive_portals:portal_helper":69},"minecraft:mined":{"minecraft:fire":4,"minecraft:warped_button":1,"minecraft:moss_block":1},"minecraft:picked_up":{"minecraft:netherite_boots":1,"minecraft:splash_potion":1,"minecraft:basalt":1,"minecraft:water_bucket":1,"minecraft:leather":4,"minecraft:lead":2,"immersive_portals:command_stick":128,"minecraft:fire_charge":1,"minecraft:stone_button":1,"minecraft:warped_button":1,"minecraft:netherite_leggings":1,"minecraft:spider_eye":1,"minecraft:string":3,"minecraft:flint_and_steel":2,"minecraft:netherite_helmet":1,"minecraft:netherite_chestplate":1,"minecraft:golden_apple":64,"minecraft:azalea_leaves":1,"minecraft:totem_of_undying":31,"minecraft:glass_bottle":1,"minecraft:moss_block":1},"minecraft:killed":{"minecraft:trader_llama":2,"minecraft:cave_spider":1,"minecraft:spider":1,"minecraft:wandering_trader":1},"minecraft:killed_by":{"minecraft:zombie":1},"minecraft:custom":{"minecraft:time_since_rest":52840,"minecraft:damage_absorbed":1760,"minecraft:damage_taken":1224875,"minecraft:sprint_one_cm":176107,"minecraft:walk_one_cm":185356,"minecraft:mob_kills":5,"minecraft:drop":7,"minecraft:damage_dealt":1436,"minecraft:fly_one_cm":723941,"minecraft:open_chest":1,"minecraft:crouch_one_cm":9620,"minecraft:play_time":454738,"minecraft:deaths":10,"minecraft:sneak_time":5203,"minecraft:walk_under_water_one_cm":5581,"minecraft:jump":2437,"minecraft:leave_game":39,"minecraft:walk_on_water_one_cm":6843,"minecraft:time_since_death":52836,"minecraft:climb_one_cm":3757,"minecraft:total_world_time":454738,"minecraft:fall_one_cm":57658}},"DataVersion":3120}