{"stats":{"minecraft:custom":{"minecraft:jump":544,"minecraft:open_chest":1,"minecraft:time_since_rest":18412,"minecraft:damage_taken":2300,"minecraft:leave_game":7,"minecraft:crouch_one_cm":3433,"minecraft:play_time":61983,"minecraft:time_since_death":18407,"minecraft:sprint_one_cm":50857,"minecraft:walk_one_cm":28423,"minecraft:walk_on_water_one_cm":3369,"minecraft:deaths":1,"minecraft:sneak_time":2328,"minecraft:total_world_time":61983,"minecraft:walk_under_water_one_cm":4449,"minecraft:fall_one_cm":23222,"minecraft:fly_one_cm":267641},"minecraft:used":{"minecraft:oak_wood":31,"minecraft:ender_pearl":4,"minecraft:dirt":8,"minecraft:azalea_leaves":36,"minecraft:basalt":3,"minecraft:moss_block":13}},"DataVersion":3120}