{"stats":{"minecraft:custom":{"minecraft:time_since_rest":24,"minecraft:open_chest":1,"minecraft:crouch_one_cm":5261,"minecraft:deaths":3,"minecraft:sprint_one_cm":51945,"minecraft:play_time":126610,"minecraft:damage_taken":2300,"minecraft:walk_one_cm":31540,"minecraft:sneak_time":2983,"minecraft:walk_under_water_one_cm":4449,"minecraft:jump":589,"minecraft:leave_game":20,"minecraft:walk_on_water_one_cm":4390,"minecraft:time_since_death":1,"minecraft:total_world_time":126610,"minecraft:fall_one_cm":23222,"minecraft:fly_one_cm":315665},"minecraft:used":{"minecraft:moss_block":13,"minecraft:basalt":32,"minecraft:dirt":8,"minecraft:azalea_leaves":36,"minecraft:stone_button":2,"minecraft:ender_pearl":4,"minecraft:oak_wood":31,"minecraft:spruce_planks":1},"minecraft:picked_up":{"minecraft:basalt":1,"minecraft:stone_button":1,"minecraft:azalea_leaves":1}},"DataVersion":3120}