{"stats":{"minecraft:dropped":{"minecraft:netherite_pickaxe":1,"minecraft:deepslate_brick_wall":1,"minecraft:deepslate_brick_slab":1,"minecraft:deepslate_brick_stairs":1,"minecraft:polished_blackstone_pressure_plate":1,"minecraft:wooden_axe":1,"minecraft:carved_pumpkin":1,"minecraft:iron_bars":1,"minecraft:sand":3776},"minecraft:custom":{"minecraft:leave_game":46,"minecraft:time_since_death":134328,"minecraft:climb_one_cm":9026,"minecraft:time_since_rest":134335,"minecraft:sprint_one_cm":406521,"minecraft:damage_taken":1105,"minecraft:walk_one_cm":843510,"minecraft:drop":67,"minecraft:damage_dealt":10,"minecraft:swim_one_cm":1660,"minecraft:fly_one_cm":7082549,"minecraft:crouch_one_cm":70557,"minecraft:play_time":1234022,"minecraft:deaths":16,"minecraft:sneak_time":39266,"minecraft:walk_under_water_one_cm":44837,"minecraft:aviate_one_cm":559266,"minecraft:jump":3821,"minecraft:walk_on_water_one_cm":5942,"minecraft:total_world_time":1234117,"minecraft:fall_one_cm":24216},"minecraft:used":{"minecraft:golden_boots":1,"minecraft:deepslate_brick_wall":9,"minecraft:mossy_stone_bricks":22,"minecraft:water_bucket":5,"minecraft:diorite":90,"minecraft:iron_bars":2,"minecraft:flint_and_steel":1,"minecraft:birch_planks":47,"minecraft:carved_pumpkin":31,"minecraft:cut_copper_slab":31,"minecraft:polished_blackstone":380,"minecraft:elytra":2,"minecraft:oak_planks":1065,"minecraft:mud_brick_slab":57,"minecraft:ender_pearl":7,"minecraft:sandstone":1272,"minecraft:quartz_stairs":71,"minecraft:chiseled_nether_bricks":6,"minecraft:spruce_fence_gate":1005,"minecraft:cut_copper_stairs":151,"minecraft:oxidized_cut_copper":34,"minecraft:purpur_stairs":4,"minecraft:sand":712,"minecraft:vine":68,"minecraft:light_blue_concrete":537,"minecraft:oak_slab":43,"minecraft:twisting_vines":19,"minecraft:smooth_red_sandstone":21,"minecraft:golden_chestplate":1,"minecraft:gray_concrete":218,"minecraft:mud_brick_stairs":304,"minecraft:warped_pressure_plate":1,"minecraft:spruce_log":140,"minecraft:weeping_vines":4,"minecraft:dark_oak_door":12,"minecraft:obsidian":16,"minecraft:light":140,"minecraft:honey_block":196,"minecraft:black_concrete":532,"minecraft:lava_bucket":161,"minecraft:firework_rocket":97,"minecraft:birch_slab":20,"minecraft:dark_oak_log":19,"minecraft:light_gray_concrete":14,"minecraft:quartz_slab":12,"minecraft:spruce_wood":82,"minecraft:grass_block":176,"minecraft:oak_stairs":1932,"minecraft:barrier":32,"minecraft:slime_block":316,"minecraft:diorite_wall":122,"minecraft:mud_bricks":1,"minecraft:golden_leggings":1,"minecraft:acacia_fence_gate":3,"minecraft:golden_helmet":2,"minecraft:podzol":65,"minecraft:bucket":1,"minecraft:white_concrete":628,"minecraft:dead_bubble_coral_fan":4,"minecraft:diorite_slab":30,"minecraft:birch_stairs":5,"minecraft:diorite_stairs":46},"minecraft:mined":{"minecraft:sand":1,"minecraft:oak_leaves":1},"minecraft:killed_by":{"minecraft:ravager":1},"minecraft:picked_up":{"minecraft:wooden_axe":3,"minecraft:mud_brick_slab":4,"minecraft:light_blue_concrete":2,"minecraft:mud_brick_stairs":2,"minecraft:oak_stairs":1,"minecraft:light":3,"minecraft:twisting_vines":4,"minecraft:red_sand":9077,"minecraft:deepslate_brick_slab":1,"minecraft:quartz_stairs":2,"minecraft:oxidized_cut_copper":2,"minecraft:sandstone":2,"minecraft:deepslate_brick_wall":1,"minecraft:sand":14959,"minecraft:cut_copper_stairs":2,"minecraft:netherite_pickaxe":1,"minecraft:dark_oak_log":2,"minecraft:weeping_vines":3,"minecraft:polished_blackstone_pressure_plate":1,"minecraft:carved_pumpkin":1,"minecraft:white_concrete":2,"minecraft:deepslate_brick_stairs":1,"minecraft:iron_bars":1,"minecraft:ender_pearl":2}},"DataVersion":3465}