{"stats":{"minecraft:used":{"minecraft:stone_button":11,"minecraft:sand":7},"minecraft:custom":{"minecraft:jump":140,"minecraft:time_since_rest":3080,"minecraft:damage_dealt":60,"minecraft:damage_taken":1080,"minecraft:crouch_one_cm":658,"minecraft:leave_game":1,"minecraft:play_time":63483,"minecraft:sprint_one_cm":14522,"minecraft:time_since_death":3053,"minecraft:walk_one_cm":15240,"minecraft:deaths":2,"minecraft:sneak_time":253,"minecraft:total_world_time":63483,"minecraft:mob_kills":1,"minecraft:fall_one_cm":12341,"minecraft:fly_one_cm":36103},"minecraft:killed":{"minecraft:wolf":1},"minecraft:killed_by":{"minecraft:wolf":1}},"DataVersion":3120}