{"stats":{"minecraft:picked_up":{"minecraft:wooden_axe":1,"minecraft:sand":14956,"minecraft:light":1,"minecraft:netherite_pickaxe":1,"minecraft:red_sand":9077},"minecraft:killed_by":{"minecraft:ravager":1},"minecraft:dropped":{"minecraft:netherite_pickaxe":1,"minecraft:wooden_axe":1,"minecraft:sand":3776},"minecraft:used":{"minecraft:water_bucket":5,"minecraft:light":128,"minecraft:lava_bucket":161,"minecraft:firework_rocket":97,"minecraft:dark_oak_log":19,"minecraft:cut_copper_slab":31,"minecraft:quartz_slab":12,"minecraft:spruce_wood":82,"minecraft:grass_block":176,"minecraft:mud_brick_slab":57,"minecraft:barrier":32,"minecraft:oak_planks":2,"minecraft:elytra":2,"minecraft:ender_pearl":7,"minecraft:sandstone":1272,"minecraft:quartz_stairs":70,"minecraft:acacia_fence_gate":3,"minecraft:cut_copper_stairs":151,"minecraft:oxidized_cut_copper":34,"minecraft:sand":711,"minecraft:light_blue_concrete":537,"minecraft:podzol":65,"minecraft:smooth_red_sandstone":21,"minecraft:bucket":1,"minecraft:white_concrete":596,"minecraft:mud_brick_stairs":297,"minecraft:spruce_log":140,"minecraft:dark_oak_door":12},"minecraft:custom":{"minecraft:time_since_rest":361934,"minecraft:sprint_one_cm":286461,"minecraft:damage_taken":780,"minecraft:walk_one_cm":444136,"minecraft:drop":61,"minecraft:damage_dealt":10,"minecraft:swim_one_cm":1660,"minecraft:fly_one_cm":4623281,"minecraft:crouch_one_cm":34669,"minecraft:play_time":592506,"minecraft:deaths":2,"minecraft:sneak_time":18330,"minecraft:walk_under_water_one_cm":44837,"minecraft:aviate_one_cm":559266,"minecraft:jump":2194,"minecraft:leave_game":26,"minecraft:walk_on_water_one_cm":5942,"minecraft:time_since_death":361626,"minecraft:total_world_time":592601,"minecraft:fall_one_cm":15366},"minecraft:mined":{"minecraft:oak_leaves":1}},"DataVersion":3465}