{"stats":{"minecraft:mined":{"minecraft:warped_button":1,"minecraft:moss_block":1},"minecraft:custom":{"minecraft:time_since_rest":54258,"minecraft:open_chest":1,"minecraft:crouch_one_cm":5780,"minecraft:deaths":3,"minecraft:sprint_one_cm":59720,"minecraft:play_time":180844,"minecraft:damage_taken":202310,"minecraft:walk_one_cm":46495,"minecraft:sneak_time":3228,"minecraft:walk_under_water_one_cm":4449,"minecraft:jump":775,"minecraft:leave_game":25,"minecraft:walk_on_water_one_cm":4390,"minecraft:time_since_death":54235,"minecraft:total_world_time":180844,"minecraft:fall_one_cm":25337,"minecraft:fly_one_cm":354527},"minecraft:used":{"minecraft:oak_log":1,"minecraft:moss_block":14,"minecraft:basalt":32,"minecraft:dirt":8,"minecraft:azalea_leaves":36,"minecraft:mangrove_roots":1,"minecraft:oak_button":1,"minecraft:stone_button":3,"minecraft:ender_pearl":4,"minecraft:oak_wood":31,"minecraft:spruce_planks":1,"minecraft:warped_button":1,"minecraft:totem_of_undying":2},"minecraft:picked_up":{"minecraft:basalt":1,"minecraft:stone_button":1,"minecraft:warped_button":1,"minecraft:azalea_leaves":1,"minecraft:moss_block":1}},"DataVersion":3120}