{"stats":{"minecraft:custom":{"minecraft:time_since_rest":44623,"minecraft:open_chest":1,"minecraft:crouch_one_cm":5691,"minecraft:deaths":3,"minecraft:sprint_one_cm":56756,"minecraft:play_time":171209,"minecraft:damage_taken":102300,"minecraft:walk_one_cm":42825,"minecraft:sneak_time":3189,"minecraft:walk_under_water_one_cm":4449,"minecraft:jump":707,"minecraft:leave_game":24,"minecraft:walk_on_water_one_cm":4390,"minecraft:time_since_death":44600,"minecraft:total_world_time":171209,"minecraft:fall_one_cm":23909,"minecraft:fly_one_cm":341906},"minecraft:used":{"minecraft:moss_block":13,"minecraft:basalt":32,"minecraft:dirt":8,"minecraft:azalea_leaves":36,"minecraft:oak_button":1,"minecraft:stone_button":3,"minecraft:ender_pearl":4,"minecraft:oak_wood":31,"minecraft:spruce_planks":1,"minecraft:warped_button":1,"minecraft:totem_of_undying":1},"minecraft:picked_up":{"minecraft:basalt":1,"minecraft:stone_button":1,"minecraft:azalea_leaves":1}},"DataVersion":3120}