{"stats":{"minecraft:custom":{"minecraft:jump":23,"minecraft:time_since_rest":15566,"minecraft:crouch_one_cm":774,"minecraft:leave_game":2,"minecraft:play_time":15566,"minecraft:sprint_one_cm":6148,"minecraft:time_since_death":15566,"minecraft:walk_on_water_one_cm":1590,"minecraft:walk_one_cm":11486,"minecraft:sneak_time":728,"minecraft:total_world_time":15566,"minecraft:walk_under_water_one_cm":880,"minecraft:fly_one_cm":96071},"minecraft:used":{"minecraft:moss_block":7,"minecraft:dirt":8}},"DataVersion":3120}