{"stats":{"minecraft:custom":{"minecraft:jump":108,"minecraft:time_since_rest":51350,"minecraft:leave_game":1,"minecraft:crouch_one_cm":292,"minecraft:deaths":1,"minecraft:sprint_one_cm":12411,"minecraft:play_time":58871,"minecraft:damage_taken":810,"minecraft:time_since_death":51323,"minecraft:walk_one_cm":10402,"minecraft:sneak_time":149,"minecraft:total_world_time":58871,"minecraft:fall_one_cm":9741,"minecraft:fly_one_cm":32410},"minecraft:used":{"minecraft:stone_button":11,"minecraft:sand":7}},"DataVersion":3120}