{"stats":{"minecraft:custom":{"minecraft:time_since_rest":260934,"minecraft:crouch_one_cm":25700,"minecraft:sprint_one_cm":233362,"minecraft:play_time":491506,"minecraft:deaths":2,"minecraft:damage_taken":640,"minecraft:walk_one_cm":326378,"minecraft:sneak_time":14168,"minecraft:walk_under_water_one_cm":3481,"minecraft:drop":61,"minecraft:jump":1868,"minecraft:damage_dealt":10,"minecraft:leave_game":19,"minecraft:walk_on_water_one_cm":2913,"minecraft:time_since_death":260626,"minecraft:total_world_time":491601,"minecraft:fly_one_cm":4051649},"minecraft:used":{"minecraft:water_bucket":4,"minecraft:cut_copper_stairs":149,"minecraft:oxidized_cut_copper":33,"minecraft:light":4,"minecraft:lava_bucket":161,"minecraft:sand":660,"minecraft:spruce_wood":82,"minecraft:light_blue_concrete":315,"minecraft:dark_oak_log":7,"minecraft:cut_copper_slab":31,"minecraft:grass_block":176,"minecraft:oak_planks":2,"minecraft:podzol":65,"minecraft:barrier":32,"minecraft:smooth_red_sandstone":21,"minecraft:sandstone":1267,"minecraft:white_concrete":351,"minecraft:spruce_log":140,"minecraft:dark_oak_door":12},"minecraft:killed_by":{"minecraft:ravager":1},"minecraft:picked_up":{"minecraft:wooden_axe":1,"minecraft:red_sand":9077,"minecraft:sand":14946,"minecraft:light":1,"minecraft:netherite_pickaxe":1},"minecraft:dropped":{"minecraft:netherite_pickaxe":1,"minecraft:sand":3776,"minecraft:wooden_axe":1}},"DataVersion":3465}