{"stats":{"minecraft:killed_by":{"minecraft:creeper":1,"minecraft:zombie":1,"minecraft:wolf":1},"minecraft:killed":{"minecraft:skeleton":1,"minecraft:wolf":1,"minecraft:chicken":1},"minecraft:crafted":{"minecraft:spruce_planks":4,"minecraft:spruce_button":4},"minecraft:mined":{"minecraft:grass_block":1,"minecraft:spruce_log":1,"minecraft:fern":1},"minecraft:picked_up":{"minecraft:feather":2,"minecraft:arrow":1,"minecraft:chicken":1,"minecraft:sweet_berries":10,"minecraft:spruce_log":1,"minecraft:dirt":1,"minecraft:egg":2},"minecraft:custom":{"minecraft:time_since_rest":33939,"minecraft:damage_taken":2650,"minecraft:play_time":215051,"minecraft:crouch_one_cm":1286,"minecraft:walk_one_cm":43480,"minecraft:sprint_one_cm":38270,"minecraft:deaths":31,"minecraft:sneak_time":447,"minecraft:mob_kills":3,"minecraft:jump":486,"minecraft:damage_dealt":266,"minecraft:leave_game":24,"minecraft:time_since_death":33595,"minecraft:total_world_time":215051,"minecraft:fly_one_cm":119641,"minecraft:fall_one_cm":18052},"minecraft:used":{"minecraft:dirt":1,"minecraft:sand":7,"minecraft:sweet_berries":2,"minecraft:command_block":1,"minecraft:grass_block":21,"minecraft:spruce_button":3,"minecraft:stone_button":17,"minecraft:egg":2,"minecraft:lingering_potion":17}},"DataVersion":3120}