{"stats":{"minecraft:mined":{"minecraft:oak_leaves":1},"minecraft:custom":{"minecraft:time_since_rest":270434,"minecraft:sprint_one_cm":236060,"minecraft:damage_taken":780,"minecraft:walk_one_cm":334090,"minecraft:drop":61,"minecraft:damage_dealt":10,"minecraft:fly_one_cm":4142523,"minecraft:crouch_one_cm":26603,"minecraft:play_time":501006,"minecraft:deaths":2,"minecraft:sneak_time":14735,"minecraft:walk_under_water_one_cm":24263,"minecraft:aviate_one_cm":557680,"minecraft:jump":2001,"minecraft:leave_game":21,"minecraft:walk_on_water_one_cm":4998,"minecraft:time_since_death":270126,"minecraft:total_world_time":501101,"minecraft:fall_one_cm":15366},"minecraft:dropped":{"minecraft:netherite_pickaxe":1,"minecraft:wooden_axe":1,"minecraft:sand":3776},"minecraft:picked_up":{"minecraft:wooden_axe":1,"minecraft:sand":14946,"minecraft:light":1,"minecraft:netherite_pickaxe":1,"minecraft:red_sand":9077},"minecraft:killed_by":{"minecraft:ravager":1},"minecraft:used":{"minecraft:water_bucket":5,"minecraft:light":4,"minecraft:lava_bucket":161,"minecraft:firework_rocket":97,"minecraft:dark_oak_log":7,"minecraft:cut_copper_slab":31,"minecraft:spruce_wood":82,"minecraft:grass_block":176,"minecraft:oak_planks":2,"minecraft:barrier":32,"minecraft:elytra":2,"minecraft:sandstone":1267,"minecraft:cut_copper_stairs":149,"minecraft:oxidized_cut_copper":33,"minecraft:sand":661,"minecraft:light_blue_concrete":446,"minecraft:podzol":65,"minecraft:smooth_red_sandstone":21,"minecraft:bucket":1,"minecraft:white_concrete":386,"minecraft:spruce_log":140,"minecraft:dark_oak_door":12}},"DataVersion":3465}