{"stats":{"minecraft:mined":{"minecraft:warped_button":1,"minecraft:moss_block":1},"minecraft:custom":{"minecraft:time_since_rest":26221,"minecraft:open_chest":1,"minecraft:damage_taken":802010,"minecraft:crouch_one_cm":5838,"minecraft:deaths":5,"minecraft:sprint_one_cm":68987,"minecraft:play_time":214240,"minecraft:walk_one_cm":52191,"minecraft:damage_absorbed":400,"minecraft:sneak_time":3277,"minecraft:walk_under_water_one_cm":4449,"minecraft:jump":832,"minecraft:leave_game":27,"minecraft:walk_on_water_one_cm":4390,"minecraft:time_since_death":26218,"minecraft:climb_one_cm":114,"minecraft:total_world_time":214240,"minecraft:fall_one_cm":25819,"minecraft:fly_one_cm":369046},"minecraft:used":{"minecraft:oak_log":1,"minecraft:moss_block":14,"minecraft:basalt":32,"minecraft:dirt":8,"minecraft:azalea_leaves":36,"minecraft:mangrove_roots":1,"minecraft:netherite_chestplate":1,"minecraft:oak_button":1,"minecraft:stone_button":3,"minecraft:oak_wood":31,"minecraft:ender_pearl":4,"minecraft:spruce_planks":1,"minecraft:warped_button":1,"minecraft:splash_potion":1,"minecraft:totem_of_undying":7},"minecraft:picked_up":{"minecraft:basalt":1,"minecraft:stone_button":1,"minecraft:azalea_leaves":1,"minecraft:warped_button":1,"minecraft:moss_block":1}},"DataVersion":3120}