{"stats":{"minecraft:dropped":{"immersive_portals:portal_helper":64,"minecraft:totem_of_undying":5,"minecraft:golden_apple":64},"minecraft:used":{"minecraft:quartz_bricks":52,"minecraft:moss_block":14,"minecraft:water_bucket":9,"minecraft:netherite_sword":11,"minecraft:flint_and_steel":8,"minecraft:spruce_slab":3,"minecraft:netherite_chestplate":1,"minecraft:cactus":6,"minecraft:ender_pearl":11,"minecraft:spruce_planks":1,"minecraft:stone":77,"minecraft:quartz_stairs":4,"minecraft:golden_apple":30,"minecraft:dirt":8,"minecraft:sand":3,"minecraft:netherite_leggings":1,"minecraft:netherite_helmet":1,"minecraft:oak_wood":31,"minecraft:dark_oak_door":5,"immersive_portals:portal_helper":69,"minecraft:oak_log":1,"minecraft:lava_bucket":16,"minecraft:iron_block":11,"minecraft:grass_block":19,"minecraft:oak_button":1,"minecraft:stone_button":4,"minecraft:stone_slab":8,"minecraft:totem_of_undying":15,"minecraft:netherite_boots":1,"minecraft:basalt":32,"minecraft:fire_charge":1,"minecraft:potion":2,"minecraft:azalea_leaves":36,"minecraft:mangrove_roots":1,"minecraft:bucket":9,"minecraft:warped_button":1,"minecraft:splash_potion":2},"minecraft:mined":{"minecraft:moss_block":1,"minecraft:cactus":4,"minecraft:coarse_dirt":1,"minecraft:fire":4,"minecraft:warped_button":1,"minecraft:sand":2},"minecraft:picked_up":{"minecraft:netherite_boots":1,"minecraft:coarse_dirt":1,"minecraft:basalt":1,"minecraft:splash_potion":1,"minecraft:water_bucket":1,"minecraft:leather":4,"minecraft:lead":2,"immersive_portals:command_stick":128,"minecraft:netherite_leggings":1,"minecraft:string":3,"minecraft:flint_and_steel":2,"minecraft:azalea_leaves":1,"minecraft:glass_bottle":1,"minecraft:moss_block":1,"minecraft:fire_charge":1,"minecraft:sand":2,"minecraft:stone_button":1,"minecraft:warped_button":1,"minecraft:spider_eye":1,"minecraft:cactus":4,"minecraft:netherite_helmet":1,"minecraft:golden_apple":64,"minecraft:totem_of_undying":31,"minecraft:netherite_chestplate":1},"minecraft:killed":{"minecraft:cave_spider":1,"minecraft:spider":1,"minecraft:wandering_trader":1,"minecraft:trader_llama":2},"minecraft:killed_by":{"minecraft:zombie":1},"minecraft:custom":{"minecraft:mob_kills":5,"minecraft:leave_game":39,"minecraft:time_since_death":64836,"minecraft:climb_one_cm":3757,"minecraft:time_since_rest":64840,"minecraft:walk_one_cm":187807,"minecraft:sprint_one_cm":176114,"minecraft:damage_taken":1224875,"minecraft:damage_absorbed":1760,"minecraft:drop":7,"minecraft:damage_dealt":1436,"minecraft:fly_one_cm":728104,"minecraft:open_chest":1,"minecraft:crouch_one_cm":10092,"minecraft:play_time":466738,"minecraft:deaths":10,"minecraft:sneak_time":5325,"minecraft:walk_under_water_one_cm":5581,"minecraft:jump":2451,"minecraft:walk_on_water_one_cm":6843,"minecraft:total_world_time":466738,"minecraft:fall_one_cm":57867}},"DataVersion":3120}