{"stats":{"minecraft:dropped":{"minecraft:netherite_pickaxe":1,"minecraft:wooden_axe":1,"minecraft:sand":3776},"minecraft:custom":{"minecraft:time_since_rest":216396,"minecraft:sprint_one_cm":355337,"minecraft:damage_taken":1105,"minecraft:walk_one_cm":607598,"minecraft:drop":61,"minecraft:damage_dealt":10,"minecraft:swim_one_cm":1660,"minecraft:fly_one_cm":5806110,"minecraft:crouch_one_cm":54630,"minecraft:play_time":904285,"minecraft:deaths":15,"minecraft:sneak_time":28976,"minecraft:walk_under_water_one_cm":44837,"minecraft:aviate_one_cm":559266,"minecraft:jump":2856,"minecraft:leave_game":35,"minecraft:walk_on_water_one_cm":5942,"minecraft:time_since_death":216391,"minecraft:total_world_time":904380,"minecraft:fall_one_cm":20024},"minecraft:used":{"minecraft:diorite_stairs":46,"minecraft:diorite":56,"minecraft:honey_block":39,"minecraft:water_bucket":5,"minecraft:mossy_stone_bricks":22,"minecraft:light":140,"minecraft:black_concrete":337,"minecraft:lava_bucket":161,"minecraft:firework_rocket":97,"minecraft:slime_block":196,"minecraft:dark_oak_log":19,"minecraft:elytra":2,"minecraft:quartz_slab":12,"minecraft:spruce_wood":82,"minecraft:light_gray_concrete":14,"minecraft:cut_copper_slab":31,"minecraft:barrier":32,"minecraft:grass_block":176,"minecraft:oak_stairs":842,"minecraft:oak_planks":427,"minecraft:polished_blackstone":380,"minecraft:mud_brick_slab":57,"minecraft:ender_pearl":7,"minecraft:sandstone":1272,"minecraft:diorite_wall":44,"minecraft:mud_bricks":1,"minecraft:quartz_stairs":71,"minecraft:chiseled_nether_bricks":6,"minecraft:spruce_fence_gate":469,"minecraft:acacia_fence_gate":3,"minecraft:cut_copper_stairs":151,"minecraft:oxidized_cut_copper":34,"minecraft:sand":712,"minecraft:purpur_stairs":4,"minecraft:light_blue_concrete":537,"minecraft:podzol":65,"minecraft:smooth_red_sandstone":21,"minecraft:bucket":1,"minecraft:gray_concrete":170,"minecraft:white_concrete":628,"minecraft:mud_brick_stairs":304,"minecraft:warped_pressure_plate":1,"minecraft:spruce_log":140,"minecraft:dark_oak_door":12,"minecraft:diorite_slab":30},"minecraft:mined":{"minecraft:sand":1,"minecraft:oak_leaves":1},"minecraft:killed_by":{"minecraft:ravager":1},"minecraft:picked_up":{"minecraft:wooden_axe":3,"minecraft:mud_brick_slab":4,"minecraft:sandstone":2,"minecraft:light_blue_concrete":2,"minecraft:mud_brick_stairs":2,"minecraft:sand":14959,"minecraft:cut_copper_stairs":2,"minecraft:light":3,"minecraft:netherite_pickaxe":1,"minecraft:dark_oak_log":2,"minecraft:red_sand":9077,"minecraft:white_concrete":2,"minecraft:quartz_stairs":2,"minecraft:oxidized_cut_copper":2,"minecraft:ender_pearl":2}},"DataVersion":3465}