{"stats":{"minecraft:custom":{"minecraft:jump":22,"minecraft:time_since_rest":6215,"minecraft:crouch_one_cm":774,"minecraft:leave_game":1,"minecraft:play_time":6215,"minecraft:sprint_one_cm":6131,"minecraft:time_since_death":6215,"minecraft:walk_on_water_one_cm":1590,"minecraft:walk_one_cm":10985,"minecraft:sneak_time":506,"minecraft:total_world_time":6215,"minecraft:walk_under_water_one_cm":880,"minecraft:fly_one_cm":66085},"minecraft:used":{"minecraft:moss_block":7,"minecraft:dirt":8}},"DataVersion":3120}