{"stats":{"minecraft:custom":{"minecraft:leave_game":37,"minecraft:time_since_death":333435,"minecraft:climb_one_cm":229,"minecraft:time_since_rest":333440,"minecraft:sprint_one_cm":370088,"minecraft:damage_taken":1105,"minecraft:walk_one_cm":700000,"minecraft:drop":66,"minecraft:damage_dealt":10,"minecraft:swim_one_cm":1660,"minecraft:fly_one_cm":6500965,"minecraft:crouch_one_cm":66073,"minecraft:play_time":1021329,"minecraft:deaths":15,"minecraft:sneak_time":36253,"minecraft:walk_under_water_one_cm":44837,"minecraft:aviate_one_cm":559266,"minecraft:jump":3116,"minecraft:walk_on_water_one_cm":5942,"minecraft:total_world_time":1021424,"minecraft:fall_one_cm":20024},"minecraft:mined":{"minecraft:sand":1,"minecraft:oak_leaves":1},"minecraft:used":{"minecraft:deepslate_brick_wall":9,"minecraft:diorite_stairs":46,"minecraft:mossy_stone_bricks":22,"minecraft:water_bucket":5,"minecraft:diorite":56,"minecraft:iron_bars":2,"minecraft:cut_copper_slab":31,"minecraft:polished_blackstone":380,"minecraft:mud_brick_slab":57,"minecraft:oak_planks":1019,"minecraft:elytra":2,"minecraft:ender_pearl":7,"minecraft:sandstone":1272,"minecraft:quartz_stairs":71,"minecraft:chiseled_nether_bricks":6,"minecraft:spruce_fence_gate":761,"minecraft:cut_copper_stairs":151,"minecraft:oxidized_cut_copper":34,"minecraft:purpur_stairs":4,"minecraft:sand":712,"minecraft:light_blue_concrete":537,"minecraft:oak_slab":42,"minecraft:smooth_red_sandstone":21,"minecraft:gray_concrete":202,"minecraft:spruce_log":140,"minecraft:warped_pressure_plate":1,"minecraft:mud_brick_stairs":304,"minecraft:weeping_vines":4,"minecraft:dark_oak_door":12,"minecraft:light":140,"minecraft:honey_block":121,"minecraft:black_concrete":428,"minecraft:lava_bucket":161,"minecraft:firework_rocket":97,"minecraft:light_gray_concrete":14,"minecraft:dark_oak_log":19,"minecraft:quartz_slab":12,"minecraft:spruce_wood":82,"minecraft:grass_block":176,"minecraft:oak_stairs":1542,"minecraft:barrier":32,"minecraft:slime_block":304,"minecraft:diorite_wall":44,"minecraft:mud_bricks":1,"minecraft:acacia_fence_gate":3,"minecraft:podzol":65,"minecraft:bucket":1,"minecraft:white_concrete":628,"minecraft:diorite_slab":30},"minecraft:killed_by":{"minecraft:ravager":1},"minecraft:dropped":{"minecraft:netherite_pickaxe":1,"minecraft:deepslate_brick_wall":1,"minecraft:deepslate_brick_slab":1,"minecraft:deepslate_brick_stairs":1,"minecraft:polished_blackstone_pressure_plate":1,"minecraft:wooden_axe":1,"minecraft:iron_bars":1,"minecraft:sand":3776},"minecraft:picked_up":{"minecraft:wooden_axe":3,"minecraft:mud_brick_slab":4,"minecraft:light_blue_concrete":2,"minecraft:mud_brick_stairs":2,"minecraft:light":3,"minecraft:red_sand":9077,"minecraft:deepslate_brick_slab":1,"minecraft:quartz_stairs":2,"minecraft:oxidized_cut_copper":2,"minecraft:sandstone":2,"minecraft:deepslate_brick_wall":1,"minecraft:cut_copper_stairs":2,"minecraft:sand":14959,"minecraft:netherite_pickaxe":1,"minecraft:dark_oak_log":2,"minecraft:weeping_vines":3,"minecraft:polished_blackstone_pressure_plate":1,"minecraft:white_concrete":2,"minecraft:deepslate_brick_stairs":1,"minecraft:iron_bars":1,"minecraft:ender_pearl":2}},"DataVersion":3465}