{"stats":{"minecraft:custom":{"minecraft:time_since_rest":20090,"minecraft:open_chest":1,"minecraft:crouch_one_cm":5385,"minecraft:deaths":3,"minecraft:sprint_one_cm":54470,"minecraft:play_time":146676,"minecraft:damage_taken":2300,"minecraft:walk_one_cm":35534,"minecraft:sneak_time":3019,"minecraft:walk_under_water_one_cm":4449,"minecraft:jump":624,"minecraft:leave_game":22,"minecraft:walk_on_water_one_cm":4390,"minecraft:time_since_death":20067,"minecraft:total_world_time":146676,"minecraft:fall_one_cm":23642,"minecraft:fly_one_cm":321573},"minecraft:used":{"minecraft:moss_block":13,"minecraft:basalt":32,"minecraft:dirt":8,"minecraft:azalea_leaves":36,"minecraft:stone_button":2,"minecraft:ender_pearl":4,"minecraft:oak_wood":31,"minecraft:spruce_planks":1},"minecraft:picked_up":{"minecraft:basalt":1,"minecraft:stone_button":1,"minecraft:azalea_leaves":1}},"DataVersion":3120}