{"stats":{"minecraft:mined":{"minecraft:fire":4,"minecraft:warped_button":1,"minecraft:moss_block":1},"minecraft:custom":{"minecraft:time_since_rest":4,"minecraft:sprint_one_cm":110526,"minecraft:walk_one_cm":73976,"minecraft:damage_taken":805620,"minecraft:damage_absorbed":1360,"minecraft:fly_one_cm":499259,"minecraft:open_chest":1,"minecraft:crouch_one_cm":5949,"minecraft:play_time":304926,"minecraft:deaths":8,"minecraft:sneak_time":3326,"minecraft:walk_under_water_one_cm":4449,"minecraft:jump":1514,"minecraft:leave_game":34,"minecraft:walk_on_water_one_cm":6571,"minecraft:time_since_death":0,"minecraft:climb_one_cm":2033,"minecraft:total_world_time":304926,"minecraft:fall_one_cm":52042},"minecraft:used":{"minecraft:oak_log":1,"minecraft:moss_block":14,"minecraft:water_bucket":9,"minecraft:flint_and_steel":3,"minecraft:oak_button":1,"minecraft:netherite_chestplate":1,"minecraft:stone_button":3,"minecraft:ender_pearl":4,"minecraft:spruce_planks":1,"minecraft:totem_of_undying":7,"minecraft:netherite_boots":1,"minecraft:basalt":32,"minecraft:golden_apple":29,"minecraft:fire_charge":1,"minecraft:dirt":8,"minecraft:potion":2,"minecraft:azalea_leaves":36,"minecraft:netherite_leggings":1,"minecraft:mangrove_roots":1,"minecraft:bucket":9,"minecraft:netherite_helmet":1,"minecraft:oak_wood":31,"minecraft:warped_button":1,"minecraft:splash_potion":2},"minecraft:picked_up":{"minecraft:netherite_boots":1,"minecraft:basalt":1,"minecraft:splash_potion":1,"minecraft:water_bucket":1,"minecraft:fire_charge":1,"minecraft:stone_button":1,"minecraft:warped_button":1,"minecraft:netherite_leggings":1,"minecraft:flint_and_steel":1,"minecraft:netherite_helmet":1,"minecraft:glass_bottle":1,"minecraft:netherite_chestplate":1,"minecraft:azalea_leaves":1,"minecraft:moss_block":1}},"DataVersion":3120}