{"stats":{"minecraft:custom":{"minecraft:jump":554,"minecraft:open_chest":1,"minecraft:time_since_rest":413,"minecraft:damage_taken":2300,"minecraft:leave_game":9,"minecraft:crouch_one_cm":3796,"minecraft:time_since_death":1,"minecraft:play_time":72407,"minecraft:sprint_one_cm":50992,"minecraft:walk_one_cm":29233,"minecraft:walk_on_water_one_cm":4161,"minecraft:deaths":2,"minecraft:sneak_time":2449,"minecraft:total_world_time":72407,"minecraft:walk_under_water_one_cm":4449,"minecraft:fall_one_cm":23222,"minecraft:fly_one_cm":268103},"minecraft:used":{"minecraft:oak_wood":31,"minecraft:ender_pearl":4,"minecraft:dirt":8,"minecraft:azalea_leaves":36,"minecraft:moss_block":13,"minecraft:stone_button":1,"minecraft:basalt":3}},"DataVersion":3120}