{"stats":{"minecraft:custom":{"minecraft:jump":471,"minecraft:open_chest":1,"minecraft:time_since_rest":6412,"minecraft:damage_taken":2300,"minecraft:leave_game":7,"minecraft:crouch_one_cm":3228,"minecraft:play_time":49983,"minecraft:time_since_death":6407,"minecraft:sprint_one_cm":48909,"minecraft:walk_one_cm":24648,"minecraft:walk_on_water_one_cm":2849,"minecraft:deaths":1,"minecraft:sneak_time":2001,"minecraft:total_world_time":49983,"minecraft:walk_under_water_one_cm":2511,"minecraft:fall_one_cm":23222,"minecraft:fly_one_cm":228396},"minecraft:used":{"minecraft:oak_wood":31,"minecraft:ender_pearl":4,"minecraft:dirt":8,"minecraft:azalea_leaves":9,"minecraft:moss_block":13}},"DataVersion":3120}