{"stats":{"minecraft:picked_up":{"minecraft:wooden_axe":3,"minecraft:mud_brick_slab":4,"minecraft:sandstone":2,"minecraft:light_blue_concrete":2,"minecraft:mud_brick_stairs":2,"minecraft:sand":14959,"minecraft:cut_copper_stairs":2,"minecraft:light":3,"minecraft:netherite_pickaxe":1,"minecraft:dark_oak_log":2,"minecraft:red_sand":9077,"minecraft:white_concrete":2,"minecraft:quartz_stairs":2,"minecraft:oxidized_cut_copper":2,"minecraft:ender_pearl":2},"minecraft:killed_by":{"minecraft:ravager":1},"minecraft:dropped":{"minecraft:netherite_pickaxe":1,"minecraft:wooden_axe":1,"minecraft:sand":3776},"minecraft:used":{"minecraft:water_bucket":5,"minecraft:light":140,"minecraft:lava_bucket":161,"minecraft:firework_rocket":97,"minecraft:dark_oak_log":19,"minecraft:quartz_slab":12,"minecraft:spruce_wood":82,"minecraft:cut_copper_slab":31,"minecraft:grass_block":176,"minecraft:elytra":2,"minecraft:barrier":32,"minecraft:oak_planks":2,"minecraft:mud_brick_slab":57,"minecraft:ender_pearl":7,"minecraft:sandstone":1272,"minecraft:quartz_stairs":71,"minecraft:acacia_fence_gate":3,"minecraft:cut_copper_stairs":151,"minecraft:oxidized_cut_copper":34,"minecraft:sand":712,"minecraft:light_blue_concrete":537,"minecraft:podzol":65,"minecraft:smooth_red_sandstone":21,"minecraft:bucket":1,"minecraft:white_concrete":611,"minecraft:mud_brick_stairs":297,"minecraft:spruce_log":140,"minecraft:dark_oak_door":12},"minecraft:custom":{"minecraft:time_since_rest":38,"minecraft:sprint_one_cm":310658,"minecraft:damage_taken":1010,"minecraft:walk_one_cm":462353,"minecraft:drop":61,"minecraft:damage_dealt":10,"minecraft:swim_one_cm":1660,"minecraft:fly_one_cm":4698873,"minecraft:crouch_one_cm":36301,"minecraft:play_time":670082,"minecraft:deaths":13,"minecraft:sneak_time":18647,"minecraft:walk_under_water_one_cm":44837,"minecraft:aviate_one_cm":559266,"minecraft:jump":2387,"minecraft:leave_game":29,"minecraft:walk_on_water_one_cm":5942,"minecraft:time_since_death":33,"minecraft:total_world_time":670177,"minecraft:fall_one_cm":20024},"minecraft:mined":{"minecraft:sand":1,"minecraft:oak_leaves":1}},"DataVersion":3465}