{"stats":{"minecraft:picked_up":{"minecraft:wooden_axe":2,"minecraft:sandstone":1,"minecraft:barrier":1,"minecraft:light_blue_concrete":1,"minecraft:smooth_red_sandstone":1,"minecraft:gravel":822,"minecraft:sand":2385,"minecraft:cut_copper_stairs":1,"minecraft:acacia_button":6962,"minecraft:light":9,"minecraft:netherite_pickaxe":1,"minecraft:dark_oak_log":1,"minecraft:wheat_seeds":11,"minecraft:heart_of_the_sea":6400,"minecraft:saddle":1},"minecraft:dropped":{"minecraft:heart_of_the_sea":6400,"minecraft:light":10},"minecraft:killed":{"minecraft:ravager":1},"minecraft:used":{"minecraft:water_bucket":13,"minecraft:netherite_sword":10,"minecraft:light":12,"minecraft:lava_bucket":9,"minecraft:dark_oak_log":2,"minecraft:command_block":1,"minecraft:sandstone":8,"minecraft:totem_of_undying":6,"minecraft:gravel":5,"minecraft:sand":41,"minecraft:light_blue_concrete":7,"minecraft:bucket":1},"minecraft:custom":{"minecraft:time_since_rest":39970,"minecraft:walk_one_cm":64995,"minecraft:damage_taken":680,"minecraft:sprint_one_cm":27754,"minecraft:damage_absorbed":320,"minecraft:mob_kills":1,"minecraft:drop":110,"minecraft:damage_dealt":890,"minecraft:fly_one_cm":345812,"minecraft:crouch_one_cm":1165,"minecraft:play_time":39970,"minecraft:sneak_time":1165,"minecraft:walk_under_water_one_cm":402,"minecraft:jump":154,"minecraft:leave_game":3,"minecraft:walk_on_water_one_cm":2667,"minecraft:time_since_death":39970,"minecraft:total_world_time":39970,"minecraft:fall_one_cm":32935},"minecraft:mined":{"minecraft:sand":2}},"DataVersion":3465}