{"stats":{"minecraft:picked_up":{"minecraft:wooden_axe":2,"minecraft:sandstone":3,"minecraft:barrier":1,"minecraft:light_blue_concrete":1,"minecraft:smooth_red_sandstone":1,"minecraft:mud_brick_stairs":2,"minecraft:gravel":822,"minecraft:bamboo_raft":1,"minecraft:sand":2386,"minecraft:cut_copper_stairs":1,"minecraft:acacia_button":6962,"minecraft:light":9,"minecraft:netherite_pickaxe":1,"minecraft:dark_oak_log":1,"minecraft:wheat_seeds":11,"minecraft:heart_of_the_sea":6400,"minecraft:white_concrete":2,"minecraft:saddle":1},"minecraft:dropped":{"minecraft:heart_of_the_sea":6400,"minecraft:light":10},"minecraft:killed":{"minecraft:ravager":1},"minecraft:used":{"minecraft:bamboo_raft":1,"minecraft:water_bucket":13,"minecraft:netherite_sword":10,"minecraft:light":12,"minecraft:lava_bucket":9,"minecraft:dark_oak_log":2,"minecraft:command_block":5,"minecraft:sandstone":13,"minecraft:totem_of_undying":6,"minecraft:gravel":5,"minecraft:golden_leggings":1,"minecraft:oxidized_cut_copper":2,"minecraft:sand":42,"minecraft:light_blue_concrete":8,"minecraft:crossbow":1,"minecraft:netherite_helmet":1,"minecraft:bucket":1,"minecraft:white_concrete":8},"minecraft:custom":{"minecraft:time_since_rest":58386,"minecraft:walk_one_cm":77458,"minecraft:damage_taken":680,"minecraft:sprint_one_cm":34620,"minecraft:damage_absorbed":320,"minecraft:mob_kills":1,"minecraft:drop":110,"minecraft:damage_dealt":890,"minecraft:fly_one_cm":368776,"minecraft:crouch_one_cm":1184,"minecraft:play_time":58386,"minecraft:sneak_time":1309,"minecraft:walk_under_water_one_cm":402,"minecraft:boat_one_cm":5673,"minecraft:jump":177,"minecraft:leave_game":4,"minecraft:walk_on_water_one_cm":2667,"minecraft:time_since_death":58386,"minecraft:total_world_time":58386,"minecraft:fall_one_cm":32935},"minecraft:mined":{"minecraft:sand":2}},"DataVersion":3465}