{"stats":{"minecraft:dropped":{"minecraft:basalt":1},"minecraft:picked_up":{"minecraft:basalt":1,"immersive_portals:portal_helper":64,"minecraft:water_bucket":1,"minecraft:lava_bucket":1,"minecraft:acacia_button":2,"minecraft:netherite_sword":1,"minecraft:bucket":16,"minecraft:totem_of_undying":15,"minecraft:moss_block":1,"minecraft:ender_pearl":1},"minecraft:mined":{"minecraft:acacia_button":2,"minecraft:moss_block":1},"minecraft:killed_by":{"minecraft:cave_spider":1,"minecraft:zombie":1},"minecraft:custom":{"minecraft:time_since_rest":4,"minecraft:walk_one_cm":51678,"minecraft:sprint_one_cm":63313,"minecraft:damage_taken":584420,"minecraft:damage_absorbed":1780,"minecraft:mob_kills":1,"minecraft:drop":1,"minecraft:damage_dealt":32,"minecraft:fly_one_cm":185996,"minecraft:open_chest":1,"minecraft:crouch_one_cm":549,"minecraft:play_time":40544,"minecraft:deaths":4,"minecraft:sneak_time":949,"minecraft:walk_under_water_one_cm":4105,"minecraft:jump":334,"minecraft:leave_game":8,"minecraft:walk_on_water_one_cm":2674,"minecraft:time_since_death":0,"minecraft:total_world_time":40544,"minecraft:climb_one_cm":1881,"minecraft:fall_one_cm":4688},"minecraft:killed":{"minecraft:zombie":1},"minecraft:used":{"minecraft:moss_block":7,"minecraft:netherite_sword":1,"minecraft:water_bucket":26,"minecraft:lava_bucket":2,"minecraft:flint_and_steel":5,"minecraft:grass_block":1,"minecraft:ender_pearl":7,"minecraft:totem_of_undying":28,"minecraft:basalt":14,"minecraft:dirt":1,"minecraft:bucket":17,"minecraft:acacia_button":2,"minecraft:acacia_planks":12,"immersive_portals:portal_helper":51}},"DataVersion":3120}